{"cameraMode":{"drawMode":0,"name":"Shaded","section":"Shading Mode"},"sceneLighting":true,"audioPlay":false,"sceneViewState":{"showFog":false,"showMaterialUpdate":false,"showSkybox":false,"showFlares":true,"showImageEffects":true,"showParticleSystems":true},"in2DMode":false,"pivot":{"x":958.10595703125,"y":2625.32763671875,"z":28433.5703125},"rotation":{"x":0.10127260535955429,"y":-0.2669164836406708,"z":0.02819186821579933,"w":0.9580591320991516},"size":44473.83203125,"orthographic":false}